{
  "batch_size": 32,
  "num_gpus_used": 6,
  "total_latency": 97.23874105164005,
  "throughput": 2189.600393513013,
  "solving_time_for_batch": 12.256762027740479,
  "stages": [
    {
      "stage_id": 0,
      "layer_range": [
        0,
        0
      ],
      "num_replicas": 1,
      "gpus": [
        0
      ],
      "gpu_allocation": {
        "0": 1
      },
      "throughput": 2257.3259924471076,
      "forward_time_ms": 1.3310080021619797,
      "stage_time_ms": 14.17606400216198,
      "memory": {
        "static_memory_gb": 4.0448e-05,
        "dynamic_memory_gb": 0.205520896,
        "total_memory_gb": 0.205561344
      },
      "data_sizes": {
        "input_size_mb": 19,
        "output_size_mb": 25
      }
    },
    {
      "stage_id": 1,
      "layer_range": [
        1,
        51
      ],
      "num_replicas": 5,
      "gpus": [
        1,
        2,
        3,
        4,
        5
      ],
      "gpu_allocation": {
        "0": 3,
        "1": 2
      },
      "throughput": 2189.600393513013,
      "forward_time_ms": 65.93593571614474,
      "stage_time_ms": 83.06267704947807,
      "memory": {
        "static_memory_gb": 0.242144256,
        "dynamic_memory_gb": 0.308281344,
        "total_memory_gb": 0.5504256
      },
      "data_sizes": {
        "input_size_mb": 25,
        "output_size_mb": 0
      }
    }
  ],
  "total_latency_ms": 97.23874105164005,
  "pipeline_throughput": 68.42501229728165
}
