{
  "batch_size": 2,
  "num_gpus_used": 3,
  "total_latency": 763.4156208798601,
  "throughput": 6.878416069177055,
  "solving_time_for_batch": 2.2552173137664795,
  "stages": [
    {
      "stage_id": 0,
      "layer_range": [
        0,
        10
      ],
      "num_replicas": 1,
      "gpus": [
        0
      ],
      "gpu_allocation": {
        "0": 1
      },
      "throughput": 9.089264314288066,
      "forward_time_ms": 220.01796446368098,
      "stage_time_ms": 220.03980979701433,
      "memory": {
        "static_memory_gb": 10.993598976,
        "dynamic_memory_gb": 0.402653184,
        "total_memory_gb": 11.39625216
      },
      "data_sizes": {
        "input_size_mb": 0,
        "output_size_mb": 76
      }
    },
    {
      "stage_id": 1,
      "layer_range": [
        11,
        23
      ],
      "num_replicas": 1,
      "gpus": [
        1
      ],
      "gpu_allocation": {
        "0": 1
      },
      "throughput": 6.878416069177055,
      "forward_time_ms": 285.6604528427124,
      "stage_time_ms": 290.7646149760457,
      "memory": {
        "static_memory_gb": 11.559927808,
        "dynamic_memory_gb": 0.402653184,
        "total_memory_gb": 11.962580992
      },
      "data_sizes": {
        "input_size_mb": 76,
        "output_size_mb": 76
      }
    },
    {
      "stage_id": 2,
      "layer_range": [
        24,
        34
      ],
      "num_replicas": 1,
      "gpus": [
        2
      ],
      "gpu_allocation": {
        "0": 1
      },
      "throughput": 7.917305451313569,
      "forward_time_ms": 247.5070339734666,
      "stage_time_ms": 252.61119610679995,
      "memory": {
        "static_memory_gb": 10.104389632,
        "dynamic_memory_gb": 1.050673152,
        "total_memory_gb": 11.155062784
      },
      "data_sizes": {
        "input_size_mb": 76,
        "output_size_mb": 1050
      }
    }
  ],
  "total_latency_ms": 763.4156208798601,
  "batch_throughput": 3.4392080345885274
}
