{
  "batch_size": 2,
  "num_gpus_used": 8,
  "total_latency": 846.5416830951349,
  "throughput": 19.172022089452042,
  "solving_time_for_batch": 2.2552173137664795,
  "stages": [
    {
      "stage_id": 0,
      "layer_range": [
        0,
        9
      ],
      "num_replicas": 2,
      "gpus": [
        0,
        1
      ],
      "gpu_allocation": {
        "0": 2
      },
      "throughput": 20.192375507336724,
      "forward_time_ms": 198.07272646948695,
      "stage_time_ms": 198.0945718028203,
      "memory": {
        "static_memory_gb": 10.10437376,
        "dynamic_memory_gb": 0.402653184,
        "total_memory_gb": 10.507026944
      },
      "data_sizes": {
        "input_size_mb": 0,
        "output_size_mb": 76
      }
    },
    {
      "stage_id": 1,
      "layer_range": [
        10,
        22
      ],
      "num_replicas": 3,
      "gpus": [
        2,
        3,
        4
      ],
      "gpu_allocation": {
        "0": 2,
        "1": 1
      },
      "throughput": 19.70184817272663,
      "forward_time_ms": 285.58277678489685,
      "stage_time_ms": 336.6243981182302,
      "memory": {
        "static_memory_gb": 11.559927808,
        "dynamic_memory_gb": 0.402653184,
        "total_memory_gb": 11.962580992
      },
      "data_sizes": {
        "input_size_mb": 76,
        "output_size_mb": 76
      }
    },
    {
      "stage_id": 2,
      "layer_range": [
        23,
        25
      ],
      "num_replicas": 1,
      "gpus": [
        5
      ],
      "gpu_allocation": {
        "1": 1
      },
      "throughput": 19.382595136322752,
      "forward_time_ms": 65.99675405025482,
      "stage_time_ms": 103.18535706552967,
      "memory": {
        "static_memory_gb": 2.667675648,
        "dynamic_memory_gb": 0.402653184,
        "total_memory_gb": 3.070328832
      },
      "data_sizes": {
        "input_size_mb": 76,
        "output_size_mb": 76
      }
    },
    {
      "stage_id": 3,
      "layer_range": [
        26,
        34
      ],
      "num_replicas": 2,
      "gpus": [
        6,
        7
      ],
      "gpu_allocation": {
        "1": 2
      },
      "throughput": 19.172022089452042,
      "forward_time_ms": 203.53319397522137,
      "stage_time_ms": 208.6373561085547,
      "memory": {
        "static_memory_gb": 8.3259392,
        "dynamic_memory_gb": 1.050673152,
        "total_memory_gb": 9.376612352
      },
      "data_sizes": {
        "input_size_mb": 76,
        "output_size_mb": 1050
      }
    }
  ],
  "total_latency_ms": 846.5416830951349,
  "batch_throughput": 9.586011044726021
}
