{
  "batch_size": 2,
  "num_gpus_used": 10,
  "total_latency": 892.7109025274995,
  "throughput": 23.05239047851694,
  "solving_time_for_batch": 2.2552173137664795,
  "stages": [
    {
      "stage_id": 0,
      "layer_range": [
        0,
        7
      ],
      "num_replicas": 2,
      "gpus": [
        0,
        1
      ],
      "gpu_allocation": {
        "0": 2
      },
      "throughput": 25.962059367149056,
      "forward_time_ms": 154.04913638159633,
      "stage_time_ms": 154.07098171492967,
      "memory": {
        "static_memory_gb": 8.325923328,
        "dynamic_memory_gb": 0.402653184,
        "total_memory_gb": 8.728576512
      },
      "data_sizes": {
        "input_size_mb": 0,
        "output_size_mb": 76
      }
    },
    {
      "stage_id": 1,
      "layer_range": [
        8,
        18
      ],
      "num_replicas": 3,
      "gpus": [
        2,
        3,
        4
      ],
      "gpu_allocation": {
        "0": 2,
        "1": 1
      },
      "throughput": 23.05239047851694,
      "forward_time_ms": 241.55127453804016,
      "stage_time_ms": 292.5928958713735,
      "memory": {
        "static_memory_gb": 9.781477376,
        "dynamic_memory_gb": 0.402653184,
        "total_memory_gb": 10.18413056
      },
      "data_sizes": {
        "input_size_mb": 76,
        "output_size_mb": 76
      }
    },
    {
      "stage_id": 2,
      "layer_range": [
        19,
        24
      ],
      "num_replicas": 2,
      "gpus": [
        5,
        6
      ],
      "gpu_allocation": {
        "1": 2
      },
      "throughput": 23.601208075474513,
      "forward_time_ms": 132.062486410141,
      "stage_time_ms": 169.4828496577804,
      "memory": {
        "static_memory_gb": 5.335351296,
        "dynamic_memory_gb": 0.402653184,
        "total_memory_gb": 5.73800448
      },
      "data_sizes": {
        "input_size_mb": 76,
        "output_size_mb": 76
      }
    },
    {
      "stage_id": 3,
      "layer_range": [
        25,
        34
      ],
      "num_replicas": 3,
      "gpus": [
        7,
        8,
        9
      ],
      "gpu_allocation": {
        "1": 1,
        "2": 2
      },
      "throughput": 23.135211417308057,
      "forward_time_ms": 225.5225539500825,
      "stage_time_ms": 276.56417528341586,
      "memory": {
        "static_memory_gb": 9.215164416,
        "dynamic_memory_gb": 1.050673152,
        "total_memory_gb": 10.265837568
      },
      "data_sizes": {
        "input_size_mb": 76,
        "output_size_mb": 1050
      }
    }
  ],
  "total_latency_ms": 892.7109025274995,
  "batch_throughput": 11.52619523925847
}
